133,14,497,6,164,"PM2_MotifSearch::runMotifSearchBenchmark@4-167@/home/NETID/kyryllk/497finalprograms/FinalizedReadyForMetrics/MotifSearch/PM2/pm2motifsearch.cpp","/home/NETID/kyryllk/497finalprograms/FinalizedReadyForMetrics/MotifSearch/PM2/pm2motifsearch.cpp","PM2_MotifSearch::runMotifSearchBenchmark","PM2_MotifSearch::runMotifSearchBenchmark( const int vertices , const double probability , const unsigned seed , const string & motifName , const string & inputFile , const bool debug)",4,167
7,1,32,1,7,"PM2_MotifSearch::CSRGraph::degree@169-175@/home/NETID/kyryllk/497finalprograms/FinalizedReadyForMetrics/MotifSearch/PM2/pm2motifsearch.cpp","/home/NETID/kyryllk/497finalprograms/FinalizedReadyForMetrics/MotifSearch/PM2/pm2motifsearch.cpp","PM2_MotifSearch::CSRGraph::degree","PM2_MotifSearch::CSRGraph::degree( const int vertex) const",169,175
5,1,25,1,5,"PM2_MotifSearch::CSRGraph::firstNeighborOfVertex@177-181@/home/NETID/kyryllk/497finalprograms/FinalizedReadyForMetrics/MotifSearch/PM2/pm2motifsearch.cpp","/home/NETID/kyryllk/497finalprograms/FinalizedReadyForMetrics/MotifSearch/PM2/pm2motifsearch.cpp","PM2_MotifSearch::CSRGraph::firstNeighborOfVertex","PM2_MotifSearch::CSRGraph::firstNeighborOfVertex( const int vertex) const",177,181
5,1,27,1,5,"PM2_MotifSearch::CSRGraph::afterLastNeighborOfVertex@183-187@/home/NETID/kyryllk/497finalprograms/FinalizedReadyForMetrics/MotifSearch/PM2/pm2motifsearch.cpp","/home/NETID/kyryllk/497finalprograms/FinalizedReadyForMetrics/MotifSearch/PM2/pm2motifsearch.cpp","PM2_MotifSearch::CSRGraph::afterLastNeighborOfVertex","PM2_MotifSearch::CSRGraph::afterLastNeighborOfVertex( const int vertex) const",183,187
14,1,33,2,15,"PM2_MotifSearch::CSRGraph::hasEdge@189-203@/home/NETID/kyryllk/497finalprograms/FinalizedReadyForMetrics/MotifSearch/PM2/pm2motifsearch.cpp","/home/NETID/kyryllk/497finalprograms/FinalizedReadyForMetrics/MotifSearch/PM2/pm2motifsearch.cpp","PM2_MotifSearch::CSRGraph::hasEdge","PM2_MotifSearch::CSRGraph::hasEdge( const int vertex1 , const int vertex2) const",189,203
7,1,33,2,8,"PM2_MotifSearch::MotifPattern::hasEdge@205-212@/home/NETID/kyryllk/497finalprograms/FinalizedReadyForMetrics/MotifSearch/PM2/pm2motifsearch.cpp","/home/NETID/kyryllk/497finalprograms/FinalizedReadyForMetrics/MotifSearch/PM2/pm2motifsearch.cpp","PM2_MotifSearch::MotifPattern::hasEdge","PM2_MotifSearch::MotifPattern::hasEdge( const int motifVertex1 , const int motifVertex2) const",205,212
119,1,466,0,142,"PM2_MotifSearch::builtinMotifs@215-356@/home/NETID/kyryllk/497finalprograms/FinalizedReadyForMetrics/MotifSearch/PM2/pm2motifsearch.cpp","/home/NETID/kyryllk/497finalprograms/FinalizedReadyForMetrics/MotifSearch/PM2/pm2motifsearch.cpp","PM2_MotifSearch::builtinMotifs","PM2_MotifSearch::builtinMotifs()",215,356
62,6,286,3,76,"PM2_MotifSearch::generateErdosRenyi@358-433@/home/NETID/kyryllk/497finalprograms/FinalizedReadyForMetrics/MotifSearch/PM2/pm2motifsearch.cpp","/home/NETID/kyryllk/497finalprograms/FinalizedReadyForMetrics/MotifSearch/PM2/pm2motifsearch.cpp","PM2_MotifSearch::generateErdosRenyi","PM2_MotifSearch::generateErdosRenyi( const int verticesCount , const double edgeProbability , const unsigned seed)",358,433
107,10,486,1,132,"PM2_MotifSearch::loadGraphFromFile@435-566@/home/NETID/kyryllk/497finalprograms/FinalizedReadyForMetrics/MotifSearch/PM2/pm2motifsearch.cpp","/home/NETID/kyryllk/497finalprograms/FinalizedReadyForMetrics/MotifSearch/PM2/pm2motifsearch.cpp","PM2_MotifSearch::loadGraphFromFile","PM2_MotifSearch::loadGraphFromFile( const string & filename)",435,566
42,9,176,1,52,"PM2_MotifSearch::computeAutomorphisms@568-619@/home/NETID/kyryllk/497finalprograms/FinalizedReadyForMetrics/MotifSearch/PM2/pm2motifsearch.cpp","/home/NETID/kyryllk/497finalprograms/FinalizedReadyForMetrics/MotifSearch/PM2/pm2motifsearch.cpp","PM2_MotifSearch::computeAutomorphisms","PM2_MotifSearch::computeAutomorphisms( const MotifPattern & motifPattern)",568,619
28,2,136,3,36,"PM2_MotifSearch::makeMotif@621-656@/home/NETID/kyryllk/497finalprograms/FinalizedReadyForMetrics/MotifSearch/PM2/pm2motifsearch.cpp","/home/NETID/kyryllk/497finalprograms/FinalizedReadyForMetrics/MotifSearch/PM2/pm2motifsearch.cpp","PM2_MotifSearch::makeMotif","PM2_MotifSearch::makeMotif( const string & name , const int motifVertices , const vector<pair<int,int>> & edges)",621,656
110,16,456,3,132,"PM2_MotifSearch::searchFromRoot@658-789@/home/NETID/kyryllk/497finalprograms/FinalizedReadyForMetrics/MotifSearch/PM2/pm2motifsearch.cpp","/home/NETID/kyryllk/497finalprograms/FinalizedReadyForMetrics/MotifSearch/PM2/pm2motifsearch.cpp","PM2_MotifSearch::searchFromRoot","PM2_MotifSearch::searchFromRoot( const CSRGraph & graph , const MotifPattern & pattern , const int root)",658,789
